<object><object name="organization"><string name="name">RiskSense</string><number name="floating">-17.4</number><number name="building_number">4</number><string name="type">Inc</string><null name="null_test"/></object><array name="array_example0"><string>red</string><string>green</string><string>blue</string><string>black</string></array><array name="array_example1"><number>1</number><string>red</string><array><object><boolean name="nested">true</boolean></object></array><object><boolean name="obj">false</boolean></object></array><boolean name="security_related">true</boolean></object>